489067463;Sofía
594639790;Javier
935871235;Ana
590389557;Antonio
203398557;Pedro
689091133;Laura
110551032;Carlos
555672397;Pedro
491950522;Luis
174876695;Paula
570665472;Miguel
189254559;Isabel
242001738;Lucía
845968311;Juan
947543765;Sofía
999856689;María
972303032;Diego
716713867;Paula
510648273;Isabel
737952733;Paula
122708430;Diego
857468880;Laura
289109362;Ana
771381117;Diego
920130760;Diego
589469624;Antonio
412427205;Isabel
804236877;Carmen
206574985;Elena
892397857;José
247386299;Javier
825445806;Elena
994389891;Laura
349969296;Carlos
190964422;Manuel
928258534;Marta
954035452;Ana
274355195;Juan
282291539;Miguel
243187787;Manuel
797297151;Luis
692381237;Luis
317429973;Pedro
515601245;Javier
229386872;Diego
869317566;Pedro
624680079;Isabel
142992195;Miguel
134224925;Diego
685767526;Carmen
454477812;Luis
599774918;Pedro
